{"loss": [1.3890926837921143, 0.704326868057251, 0.5198522806167603, 0.469931960105896, 0.40070638060569763, 0.37458956241607666, 0.33165237307548523, 0.3082730770111084, 0.30740946531295776, 0.27876701951026917, 0.26141685247421265, 0.24775178730487823, 0.23886637389659882, 0.2272576093673706, 0.21559599041938782, 0.1999104768037796, 0.2044125497341156, 0.1840505748987198, 0.1862105131149292, 0.190715491771698, 0.16743667423725128, 0.16260093450546265, 0.1607852578163147, 0.16449113190174103], "r2_score": [0.04573774337768555, 0.5161518454551697, 0.6428786516189575, 0.6771727204322815, 0.7247282266616821, 0.7426692247390747, 0.7721666693687439, 0.7882270812988281, 0.7888203859329224, 0.8084965348243713, 0.8204150795936584, 0.8298031091690063, 0.8359066247940063, 0.8438816070556641, 0.8518927097320557, 0.8626682162284851, 0.8595750331878662, 0.8735636472702026, 0.8720798492431641, 0.8689851760864258, 0.8849768042564392, 0.8882988691329956, 0.8895456790924072, 0.8870000243186951], "val_loss": [5.127583026885986, 2.5686545372009277, 1.3244105577468872, 0.965212881565094, 0.7543978095054626, 0.5391525626182556, 0.5519396066665649, 0.32850489020347595, 0.27370160818099976, 0.17160651087760925, 0.1962987184524536, 0.11817292869091034, 0.24649547040462494, 0.08937946707010269, 0.1849079728126526, 0.13615217804908752, 0.11724697798490524, 0.15894539654254913, 0.10165011882781982, 0.12386772781610489, 0.10643621534109116, 0.20674586296081543, 0.0925266444683075, 0.15404440462589264], "val_r2_score": [-2.636995553970337, -0.8219470977783203, 0.06059533357620239, 0.31537437438964844, 0.4649055004119873, 0.6175789833068848, 0.6085091829299927, 0.7669914364814758, 0.8058633804321289, 0.878279447555542, 0.860765278339386, 0.916179895401001, 0.8251607418060303, 0.9366031289100647, 0.868844747543335, 0.903427243232727, 0.916836678981781, 0.8872600197792053, 0.9278995394706726, 0.9121406078338623, 0.9245047569274902, 0.8533551096916199, 0.9343708157539368, 0.8907362818717957]}